eps_a,eps_oil
0.0,0.0
-0.7709143442303066,0.8994914806515735
0.019290282463903033,-2.0338445630246196
-0.080422123239137,1.1779398503693905
-1.020527364324464,0.15539928816665177
-1.0098631434524392,0.10412730376000487
-0.07575963717739803,-0.526625414430394
0.5286553539145492,-0.39937954460754516
-0.578392058583397,0.6937688166018121
-1.4965067691365421,-2.709759230372573
-0.4078946615535708,-0.5900798771382018
-1.7342737322140287,0.7677180633901977
0.7816784450857824,-0.4818102794183742
-0.39746653440309,-0.3673229183969086
0.4892769722788234,-1.4351237324964765
1.2175731166976407,0.17522549221581288
-0.5634465079880023,-0.07999215097683297
-0.3802975757069563,0.8102281959847238
-0.22009031203187962,1.5440274801170408
0.40209925324632906,-0.8137140986119046
-1.0066270430299389,-0.48653741519798144
-0.6571989910151701,-1.3944312272031019
0.7317314322893659,1.0054103040723177
-0.35498624168338533,-1.2475259905673728
-1.1598913251382332,-0.5390698499883204
-0.6142165848171333,-0.36834865395558536
1.1687760048483955,1.3146683015704987
0.5402061997300421,1.818978242828147
0.48243208511525343,0.6259147651312896
0.600555990314523,0.515075422808177
-1.361444801747895,-0.028630478971437806
-1.637928215508453,0.8787538781097337
-0.5746884798029389,-0.2345070121478147
0.7374960779546008,0.3975410521964998
0.9848444220391285,1.3728844439492582
0.6902517059007165,-0.598552122773238
-0.9483638698017774,-0.12127558182528538
0.03948638716524026,0.0902309558577318
-0.8038215692185673,0.40804228709292095
0.18269397619812014,-0.43167282261353374
-0.7555153740327846,1.3527510602572863
-0.07897483025432686,-1.182691587195776
-0.24499387386958343,1.7479158227541782
0.324759442207288,-0.9970872138522214
0.38138859053322416,-0.5882790345578256
0.3933046125981167,-2.0442032713325933
-0.43291338044290234,1.4081872217945368
0.2640078901515992,-0.9272101860065385
0.0777517875134263,-0.38123810211186393
-0.8582927424969612,0.488324141076231
0.14170787261752713,0.5169703097340198
-0.6286078233308539,-1.4058133731278384
1.8282991172811789,0.347124334483364
0.22655271934651489,2.1969398671596676
1.2316536696005667,2.261128299947288
1.4287338319408163,-0.5187063872694977
-0.6388748999869108,-2.392473889335349
-0.15660043212653665,0.12329426932310152
0.6226782387206558,0.14850128840543364
2.4043091370423904,-0.2657647542794315
-0.005346179605508275,0.11443400737782604
1.0706791402986922,0.5525550993031243
0.3900287287917845,-0.1404635504504332
1.403381093186028,0.0794781449593413
-0.10250897683981705,1.844576004215732
0.5870618078405245,-0.5187611207666961
-2.281194295273993,-0.16921193691936948
-1.4218143836195545,-0.5724974708601105
-1.8010835293506229,0.16453292319376062
-0.45723274527314206,0.6526559012387562
1.0248451670405716,0.8798402357202189
-0.3275931694588449,0.832404073682843
-0.1337514420539052,-1.857428413791944
1.2769950742255947,1.1667289704090429
0.5413359993609954,-1.3651183385878767
0.7312051995260572,-1.1853142934531649
-0.9429762111748945,1.2999292126346054
-0.25169149357228066,0.06424858690232571
-1.4112909814962098,1.6638787848638175
-1.5407742808445188,0.1064521010153583
0.9185300710025391,1.337582226013385
1.4060807308394738,-0.4173328489634995
1.636235214976134,-0.1495081113036015
1.4221131327409944,1.011652069077769
-0.31633008557413544,0.49768851866596525
-2.0421538641495545,-0.37686374112091314
-0.24629270927588254,-1.012705144242269
-0.7641176765331141,0.11999899653477378
-1.2580816484455046,-0.10360070933629495
1.2831830963929665,1.0004568788254218
-0.8014145753141232,0.03775216510267234
-0.4237209516403858,1.609184671036769
-0.7162427097447143,0.2569318354182617
1.0478893234131477,-1.1323179530591172
0.41233218515658004,0.49082767640616487
1.0117566485043379,-0.5431456704754176
-1.1976625291201717,1.2474539104456754
-0.8603214080851317,-0.4773623143031176
-0.2614655600545747,-0.051294331601004765
1.6713005280738047,0.1002653152778534
-1.1179125270386683,-0.011097501669314388
-0.2049510534857211,-0.7316879304530963
-0.9567380661914688,-0.5860154718382373
0.6759215606355452,0.2876774817942176
-0.29049084597533936,0.5572789062411828
-1.105891690107349,0.4370044882519944
0.38293976468243723,0.7153272426311736
-1.8857028625198453,-0.726315908375622
0.8182951163793666,0.0840601142579565
0.18710285274133662,0.49752223225195863
-0.17314054851755445,0.5262185212221571
-1.1883387814631843,0.695565514336679
-1.1784652639375992,1.9317010841982913
0.5756590273287969,-1.2815623813401287
0.5171456642107713,1.5822562184071272
1.7613472394952248,-0.6023532073388965
1.2100983417304645,1.5493954745673189
-0.1440637161435133,-0.1535752719029707
1.2740749226745283,-0.5666560825624946
-0.903219755554408,-1.7063849667501205
-1.7795194735206121,0.001572358032823143
-1.6162019168212718,1.0800768655581199
0.002336484035249113,0.960102766348444
1.4981196049695336,-1.238134976913643
1.6062082770709807,-0.32381650276322205
-0.8684523370366329,-1.4649430312315033
0.10789747549715238,0.16818991279492132
-0.813485598156736,-0.8897470443610708
-0.17907794142426783,-1.0137080080202279
0.8568029705173843,1.3191089653407089
-0.26423476802184065,0.39465285090201596
-0.931501604936223,0.49846931474552614
-1.3960167948790883,0.5347235044600924
-0.9173218547397478,0.5467109013884014
1.6913092496843842,1.2110203649682938
-0.6352833709485998,-0.5650628954475574
1.1652449817661086,0.1093043118907674
-0.8881071041124887,1.2494445286478468
-0.20179993227280865,0.2950295043033852
0.857719378156711,-0.0918713644249624
0.4886312993608572,-0.3065067746755961
2.117945746591948,-0.6413092800813026
0.3156383837895657,-1.2450198400898171
0.8094429775192987,1.0782172413115072
-1.3562350753752703,1.0525388200282224
-0.7260393668425954,-1.834509952136651
0.18853763316845548,0.8587996324445863
0.7826930464997426,-0.009736380380541827
0.10376390901346078,1.7616995574355636
1.559027647037115,1.1687766236593595
-0.8404616871835027,0.723396079602838
-0.11343297827166565,0.5534481548901957
0.6140369757336631,0.38552389044972735
-0.34454997193587933,-0.06074703899014404
1.0645237029435155,0.5026677168863162
0.11738267979941984,0.3889736582219758
-0.8670725856954522,-2.0963848194496935
0.8675158974455073,0.24951318392354338
-0.08576048359847689,0.9758984286417468
-0.3539704115584543,1.0068278322984257
-1.0248288791229585,1.1684796031204487
-0.160961464350911,-0.15108128066493137
0.003431768977219164,1.420186773968273
1.4983878160192419,-0.4073968683479853
-0.9809902577013756,0.8180715400626689
-0.2352129266476936,0.9553026143311216
0.4009723095533007,0.30282562356075904
-2.4578859167154445,-0.5577429772155544
1.151185791108269,0.87765481574598
-1.1123233744148613,-1.2543921540008969
1.2791025190311547,0.047023428704289626
-0.7507691143685062,-0.6276446836317655
0.7071976154600479,1.0854626494425756
-1.3116445697152057,-0.35455381632501204
-0.07933459033212899,-0.517049121815493
0.21292353576263265,-0.632916704546827
0.1445724824188112,-0.532773845239331
-0.7638041911581759,0.5879337946508222
-1.0583503864202424,-0.0914368632169958
-1.056088017909755,-0.7408696518553278
-0.07442738409958904,-0.16080727965786262
-0.9957626629712436,-0.8192918235473866
-0.6899910934796224,0.3284961543803509
-0.09213406297376645,0.07396362271057487
-2.035839638164256,1.059029753404263
0.35530073837194487,0.30601249112278744
1.3083783997394312,1.0654665240725703
-0.904871647273606,-0.624241793432157
-1.5270479219814281,0.35113491906397326
-0.038005561910006265,0.6454396250652867
-0.6966006741925176,1.9585729912407994
-0.7450490968330626,-0.6058246433027624
0.2494763385710535,0.5685209284426364
-0.8019665551748036,-0.46258564005704284
-0.9997145650051138,0.6010267949868137
-0.9778643414848094,-0.5042516742237237
2.1762795288663885,-0.33636634070981264
0.5222157495053805,0.94988659069471
0.8697850118252831,-0.778347243239256
-0.6260948845076673,1.5763343606163007
0.7419967984917476,-0.425888457553148
0.1331172480119748,2.013206286727162
-0.5477852816591334,-0.30032120398874207
-0.41132808284732475,-1.5998919494258432
-1.0381208845470795,0.5974570542607459
0.9104421110020765,-1.706572935674708
0.7570488848025468,0.6986918269476811
0.10335920674364533,0.2010654581448521
-0.9096576240890616,-0.9910825472345979
1.234126193542,2.362513875718663
-1.6066096670808905,-1.255267699651545
0.06903957582913936,-0.519947940027406
2.518670384881888,-2.782864425361968
-0.5439022096770698,0.21756150443095298
-2.140499772677039,-1.027768677937982
0.572776353399649,0.45737638769346683
-1.4021667637491435,1.4123883269680009
0.7703147056751576,-0.7428458985006279
1.71093342595842,0.5151439161427825
0.1756456835114937,-0.08431534605036715
0.028792463388251484,-0.075025727328792
0.8247748086610612,-0.08927061714989945
-0.4782325668501612,-0.9780229404500471
-0.6939727620013012,1.7474242931183839
1.3121956542406954,0.5168517531009829
-0.06785989949041367,2.005563018859808
0.1913045148586072,-0.1700176395109927
-1.0441111580866727,0.665096155018459
-0.4740098508290935,-0.6138801452508795
0.3710475049556854,0.7371836018394674
0.06160549346749403,-1.030679055561981
0.5730896334482665,2.685140677039788
-0.21476244387274732,-0.6457543661175063
-1.7561947156533155,-1.012201181396841
1.6041414994077057,-0.849580781370653
0.0283151594769133,0.5918956607310228
0.6148377454137253,1.2103871530956767
1.0568621217686596,0.18839222941032216
-0.31630221476329107,0.5925442413697556
0.7925965212185053,-0.6191130348970708
0.689543881061826,1.4235186412416334
0.8429103154184838,-0.4624781160324464
0.858452673439082,-1.7077563349069627
0.47230801892423835,-0.7770742717880824
1.0509131722535185,0.5820518555168963
-1.762936749273058,0.4786281954071406
0.23445723790798859,1.154813999087783
-0.4247711337795295,-0.4574401993503314
1.041149450292118,-0.4650558952283171
-0.49818069128473536,-0.4429950875833376
-1.0278278648298451,-0.3418865433466615
-1.4858161951590672,2.2378566240559516
-1.0324565589074997,-0.8294658703018534
-0.08900910264156367,-0.8986019065976789
-0.5085104935459103,1.0730817990510986
0.023240309635595115,-0.17049481373155853
0.6791573661136515,-0.8781347586818972
0.2783974505669071,-0.3521051109539401
1.4106458754068565,1.4094745609768145
-1.377882717739817,-1.6012873462244153
0.4609003712394293,1.1543235245350671
2.384069103015266,-1.5279800857030104
-0.3485806949582826,-0.24226833999772956
-0.7809956913614915,-1.388854722717753
0.5492352261875566,-1.1019337838440273
0.12320380738322034,-1.1343593044873215
0.5027330483429968,-0.6198135949190446
-1.016841173515542,-1.8398961079131007
0.2595153354545658,1.4263690060296506
0.4894624128075562,-0.6704532302228717
0.9062763830748392,-0.23434184645325434
-2.3374042359745695,-0.36170177150817406
0.5897454472949393,-0.37558729862276147
-2.097345464015746,-0.9793260552281421
0.751937844479021,1.2959897560165583
1.2619623362737318,0.4268252583536092
0.4822570962215478,0.4913748698920294
1.371000447297528,-0.7303769304322509
-0.5328808930381653,-0.8722653685057675
0.8151331635787529,0.8959279145900271
0.8756443948918159,0.6973348616699625
-2.8488194661616255,-0.08878637098518463
-0.259113522292166,0.9138180122747823
0.10674082589263341,1.5684259421934506
0.7527762917993994,0.968538106009473
-0.7824133701080691,-0.13259288620573706
-0.6843235344463757,0.48882688880036873
0.20315719369929,0.2403357305101132
-0.13517943906128227,-1.4300152242600461
-0.3737360117118896,0.16436468294482504
0.4910446847459585,-0.16746023909229107
1.166772799867289,-0.32410345513967687
0.8008064113347798,-0.2177390241788036
1.0378455548786218,0.0579515902370075
0.3415369780945153,-1.1510371507933637
0.6813985051120478,0.4612225573832207
-1.2857934460623937,-0.25002519974292176
0.6723226577765313,0.7601751234111854
1.5334892769200246,-1.0216322804770672
-0.41195463496791807,0.12291110540766982
1.2892246629874387,0.6373326384673667
-0.3971818180509461,1.3938476038381882
1.0200600721085171,-0.8329737413915024
0.851496418847575,-0.23864773064745018
-0.03740092533604668,-0.9960071889544353
0.6727921567569571,0.7978504532926383
0.5251028951155646,0.3981545057239507
0.2861321599015088,1.651292207085872
0.17729763272145205,1.6206222857184882
-0.580428524934157,-0.8139535731210542
-1.8085744247896884,1.0577653096230382
0.2096912262579849,0.4566927107480841
-1.0483906509755974,-0.9446167014523434
-0.3287284312575485,-0.4800327621444332
0.0369918437035196,0.9335397079506474
0.05687705370914565,-1.9532420141068505
-0.10194441767445954,0.1619472963643874
0.0010460836060467024,0.9158914070327481
-1.5428613846939856,0.028404021899338903
1.07207193834199,0.3572874930363158
0.5525834522749908,-1.440243192314135
-0.17905386827565725,0.590637426250779
0.6103055714933342,-1.8381825417939273
-0.449017964701207,0.3525562471026899
0.19225383063695997,0.0270876115010279
-0.08384233585984095,0.07470154071307018
-0.7615340784855857,0.15262300774367785
0.17692216721913542,0.48103210202710983
-0.11283368375856692,1.1560042447234156
-0.045050486088195736,1.2486714355587454
0.7571048660457276,0.07847734059405857
-0.13895096852672867,-0.17373856137502264
-1.0726558530182075,-1.2950751233860103
0.4557555553750807,-0.5765297773473064
0.18656196289228158,0.5233539233159786
-0.12673740891695992,-0.29837856097432996
1.4752126144900115,0.8188123897822689
0.2896982524110318,0.27012390058740104
-0.028250696003736822,1.0312743928210502
-0.2781583972776363,0.36137883166787943
-0.8536676508108848,1.1323031273465776
1.3697401032223273,-0.4405228721388441
-0.9208785978493459,-0.7736366367660342
0.08930996446327379,0.4332675944689079
1.1171716475822986,1.387136790006572
0.1599082609274644,-0.05501262683108434
0.18238247067620786,2.266764486779776
1.4323390263148854,-0.8447138083434363
-0.8010125350654054,-2.1048541151488016
2.2517853499436633,0.9537312244422171
2.058070236816839,-0.5747116279902356
0.37023190978446985,-0.18721701782959246
-0.8938379662144088,-0.6723773364925872
-0.12651550246258028,-0.11077314862622596
0.3427574016392176,-1.3015766037407082
2.6348975724905346,-1.6354898369732334
-0.11741130521168715,-0.5260986282603114
1.647258002422968,-0.2390154669159593
-1.062356737689264,-0.23004427977621872
1.0066738346937167,-1.078883934725385
-0.29637738213629755,0.7649206365598443
0.9858220981482024,-0.01448174071336544
-0.4052059244262499,-3.201411948826427
0.34277306449408573,0.26704087816516786
-0.04725743878126245,-0.9331871455304375
-1.3697127391720303,0.648272554996422
2.1593036070765663,0.0986226790397126
-1.998301812696367,-1.8778129188309407
-0.42712491948567405,-0.7715201537294387
0.25913522566077957,1.206726049131821
2.511282360767036,-0.6767720979761829
-0.2456278572152976,0.7619272545772561
0.6765523503885837,0.4681315093002014
-0.8163186763765673,-0.8274681209108464
-0.4521909988131277,-0.648674638922725
0.9253777692764086,0.6893432238708306
0.3708618216076469,-1.0951514482159004
0.07661226223633999,1.4951935110911043
1.1823805685993232,-0.7409181419114159
0.830353561075128,0.09287077013789963
0.615302758287891,0.3581534051164842
-0.1358912286267416,-0.1427018188879242
0.6373846936614004,-0.34360873121231444
0.8049708503460142,1.1355367419999194
0.3083075165212124,1.1993785899610394
-0.8871404251813908,-2.8977272829682033
1.3548360568371427,0.8425031498054936
2.0513277252636097,-0.8711337005224457
-0.33180830676346224,-1.605417811355459
-0.811416114221115,1.2189527559610869
2.1024436516795215,0.16981385884564193
0.5175023458033017,0.05428653189828362
0.2815214967578363,1.5880457164230797
0.9053491910279062,0.3796759359641061
1.3654176143679118,0.20528637139274045
-0.7851044105721515,-2.6955497941781528
0.6213250874161684,0.25671246666211817
0.03217972235655308,0.10825330378609826
2.299192909277368,-0.29637802285854065
-1.2476406422855564,-1.1291735949521904
0.12952830222283673,2.159284502286735
-0.022240746110651254,-2.249945472337154
0.5617137544870576,0.977821363225287
0.8630728175811926,0.4208403594576044
-0.3226819469455485,-0.19547036303045187
0.20229714476920932,0.5517945536151104
-0.7226767168031175,0.7461265720673114
-0.5927837512144767,0.46527399191900165
-0.0975949572300638,-1.0607718693504549
0.8047277591430763,1.8911940210855571
-0.24277262377311132,1.6062062162976005
1.077439724763927,0.45612849940570593
-1.9108492679311622,-0.062665316754128
0.246742835746305,1.1445280329560823
-0.04182227641180962,-0.4934808340641605
-0.17045088601869046,0.6193648826605247
1.1544325920524405,0.35258017780050427
0.34737515400899455,0.05372793251563488
-1.4094194623181697,-0.019160165836872793
-1.0694818827926023,-0.4229209728345374
-0.29032212609011715,1.1427900881477349
-0.5624919412638008,1.529398354286288
-0.8597891654665658,0.0035533001454829795
0.3501297585447232,0.14635469962925624
0.4652976253924969,1.133310825621645
0.9442159280984265,-0.19198870551218028
0.7005984568997974,0.30566149410514337
-0.819125526721447,-0.44686950798418873
0.21803141675998858,0.02609195202992343
-3.187439792715278,0.5550624647822437
-0.5726583622139466,-1.155439769252205
0.4124285948002344,0.6070817143745056
0.5052566116587619,0.07833668373919356
-1.1786672023639817,0.19671800784246277
-1.0129533136661624,0.5555904588650573
0.08682874159653317,0.30541800294100174
-1.2139826909593496,-0.6459497874018245
2.0216135343275026,0.32819569792060094
1.3528570548608732,-1.4230305567354349
0.035463203913538154,0.9521367767759555
0.19836155842198805,1.3322427959269554
0.12208593724836346,0.7783468018907967
0.04218957131236452,-0.02238374194758458
-0.20664829995487938,-1.3466217582402762
-0.2687562836539893,-0.8394731422933257
0.4661114255385662,-0.9941928096708613
1.7654560800426518,-1.3789014089429181
0.6327717223923248,-1.7177097613586967
-0.4356720363933021,0.2438829253967538
0.09447809307970774,0.8716606497406196
-0.4492708319049797,-0.052800298320394096
-0.497962318534514,-0.6631405341476554
-0.20146784531786532,-0.3019771263757984
-0.7928123178689859,0.05270543473526656
-0.3113984643032459,0.05489518998622666
1.6588059066165493,-0.8606458928723124
1.2165025220066126,-0.5883975266920571
1.9078889749843817,0.3221132615334623
0.004400002498315884,1.2453528753161527
0.18213683280975465,0.010170800847505435
1.2951511014467172,0.05413291913039266
0.35592809427258426,0.3206311503237672
-1.1412469102832872,0.6121048513154904
1.5718131240078255,-0.7452381094695695
0.02277542091511674,0.4706864846220807
0.49466667602972014,-0.532093697542724
-0.7568803026602634,0.08233088974911396
1.4367440007213501,1.5350142265623676
0.12647465618741305,-0.07795622167462092
1.5864480361992908,0.33249536699066023
-0.26018756966134754,0.2964131727295588
0.20647743007731897,-1.3045305440673456
-0.7078646318181031,1.8031091487842004
-0.990211643308523,-0.8323477310867345
-1.087155829295542,0.6411780360797384
0.1034385895354726,-0.48493541223665193
0.7950376768563986,0.561192779365902
-0.9847352702734361,-0.5568385248161496
0.6136644028734375,-1.3621243721042808
-1.148554479225125,-1.0561149804502008
1.0285361855667094,-0.6048812651551051
-0.9601793949037314,0.29475504457398616
0.6941691558695445,-0.1341141274652017
-0.8199989712794822,0.6600761065761607
0.322280156815776,-0.3263104981910516
1.3711729590915167,-0.24799594817785584
0.35449690349540935,-1.8004676957946257
1.2969189415256386,0.3177165709448343
-0.8821907655733748,-0.6507906551525939
-0.5672963332049379,-0.10777497506776443
0.4678500099807631,0.04672144172971605
1.5660129166124728,1.1552712890323809
-1.2449294075335426,0.1715847335238789
-1.1238869000016958,0.8885667643632913
1.399060577442566,1.5105201203352037
-1.0812881621444632,-0.9950254648593835
-0.04852669399705799,0.9196911335554647
-0.6346453453469441,0.18721175832810572
2.147515365924125,0.8080388621720414
-0.4921610821160077,-0.7930776252187405
-0.753022500211881,-0.2526240509883501
-0.342271126401038,-0.9509214746830059
-0.6064800998690428,0.7072279430610938
-1.3005101380801358,0.5101193413831014
-0.5910479590843462,1.2672392872788587
0.540771463138313,0.3118486522630774
1.5066851823941165,-0.277784445851498
-1.186557750447762,1.667512767301209
0.23182560314700487,-1.159705542556667
0.4187256150797015,0.31258105510735235
-1.7775422381065276,-1.9214548041633448
-2.346715712902347,-0.6702664840286328
-0.3003294275871572,0.17601643038404177
0.8164102160158195,-0.14242042405726227
0.6197541352233017,0.7909770688023039
0.3633481472578369,0.4323007680898707
1.7590842890691425,0.9199422990868887
-0.5200955674663305,2.1322451583525233
-1.049526234584695,-0.4902093363840789
1.3702436877155237,-0.10412526137587909
1.0000938529799428,-0.3287859605060419
-1.7436503974386777,2.3055269361138393
0.43828222004523293,1.6275951804051214
1.438674231986413,0.628339751124291
1.8165375426006387,-0.3957294883206501
-0.6482742036047424,-0.02550099774522395
-1.6317282274671374,-1.4745988118858213
0.5878166694126147,0.8433700634062171
0.3079793408536396,0.1649179722528362
-0.1328173911874149,1.7485815307747465
1.2908143500764409,0.14012194038140677
-1.4765413339544722,0.9085184002855893
2.4542510001006694,1.5889077999794965
1.5803032353850552,-0.011996544393757864
2.293992168873712,0.5247157170782182
1.1870178813776224,-0.20573973097274115
0.30378577092388737,-0.8812299945924751
0.8249140029860405,1.9825673323899784
-0.026655396790448142,-0.43033970639318314
-1.1412530421192222,0.09894081353467829
1.8917721070288118,0.13695610900920663
1.153447972120395,-1.736125458848379
0.11542981367768354,-1.4935787228202244
-0.9093320858804023,-0.04477533378392285
0.8184009919368698,0.3909309659680541
0.6281350395966181,-0.2555101396902435
0.7197027787582903,0.8201553979171418
1.0309214864332326,-0.8560985586064855
1.0372673243756434,1.2577393980668914
-0.19085027787541337,-0.6397146040201078
0.07872338972038458,-0.10300684654972486
0.28268310207821784,-1.2110041459339689
1.1806500111036322,-0.7754132223913934
-0.15393538876620752,-0.9504311962783151
0.0659236490257043,-0.9903599184681746
0.39065109412769045,-0.18800449670408836
-0.0333779904167648,-0.8831784328017184
0.8103707189603166,-1.8727110585365543
0.1606910524403151,0.3931610708478951
0.41192559598347916,1.7948460855244295
-2.564179924297377,0.9080543484174969
-0.7276908951780126,0.6237806514075213
-1.0000448735105354,-0.708729413944311
0.261833059579995,0.05820819765537782
-1.5423682503689473,0.8598117339089515
1.9992297329036448,0.41084736145272965
-0.9695948468437946,-0.3637345395338307
-1.7681089840136928,-0.3513621544211951
0.8793197043632983,0.29962464510960507
0.5364957447273875,0.027739930891517543
-1.5723464654934964,-0.8933503302324475
1.4476878073194908,1.8815473742608422
0.7126056721588582,1.3173639335277771
-0.4062027937732116,-0.14839507496706697
0.6286240430526802,-0.39050055079388424
0.5256286092893004,0.4534946642438532
-0.6759081625243148,-0.0689893907192508
-2.0184173938831096,-0.5992303603872258
0.2801589403694191,0.6258431946866087
1.809111937650774,1.4864285789149012
1.061354527932252,0.6074357434038058
-1.1431641925991043,-0.6057607447776234
0.25414943659728984,-0.9491674602150376
-0.44251755762635614,0.34979012102849233
-0.683970623468445,-1.532657605558701
-0.762635487838205,1.3002136469980237
-0.49988383650645585,0.10714436132011836
-0.5381456631235403,-0.18362315321536615
1.245219655991325,0.867297781384954
-1.9064288997991885,1.647062629133456
-0.7597677017409097,-1.921359528237282
0.7733163266493837,1.574435494205613
0.6000297342646255,-0.16190824645232288
-2.1440257815584087,-0.06595692889095507
0.4735720861458103,-2.291382981075558
-1.7830906765287866,-1.3346796956449334
-0.6515038743533644,1.4646094704497263
0.15885169190130793,1.4587327158571282
-1.0675080019672885,0.12893912189241882
0.3522600431889002,-0.07676062588294559
-0.9806411504941711,0.378182736523154
-0.937044044656419,-0.8250163236414527
-0.8901294508348687,-1.0132614176796806
-1.5051072574465438,-1.2376803293258105
-0.17417951108388335,0.34109069114289825
-1.675551492795225,0.6099275580800085
-1.5829407817674206,-1.4424847755041246
-0.24607377413145703,-1.0795932858215125
-0.969402172875616,-0.2934873019007428
0.41453081035278844,0.3776208769945599
0.10901859750213214,0.5320470859219819
-1.6382925753197601,-0.9272646733688791
-0.4235384340569776,-0.30788663609338324
-0.45188510312727753,1.253467794093478
-0.13206689724374526,-1.2923567289505118
-0.27511079420641016,-0.15478587972979962
-0.30891457866226063,1.0748971491501775
-1.2205412957376136,-0.6626860853461246
1.2848697543816336,-1.454876944592256
1.0401804714022482,-1.2334446024936947
-0.9603180355797736,-1.7344702676225838
-0.5018073659379608,0.8799577476792513
-1.5865607979538072,-1.0330275183067874
-1.1752573469200243,-1.1109322892018447
0.8557178131288505,-0.06484670235628354
1.4033132872044236,0.5173024532195643
-2.4590235326404324,0.7651819419481829
-0.083492550704101,-0.5242735365148853
-0.017064903056130867,-0.7586575281986652
-0.049805687595723805,-0.820543687569677
-0.8317130605744851,-1.6472577309934837
1.1770433863213965,0.37329888136037487
-0.17595661232264045,0.7985407926104918
-2.019510146150968,0.9902680125167506
0.7770680794283846,0.5402715718523424
0.35341739149771606,0.7894052785866772
-0.8368560388929935,0.10853015605261496
1.0791189676847246,1.8895113684120286
-0.2727263886992997,-0.3423900854760109
-0.08827248927159942,0.598390454000978
-1.967127674128107,0.2709883287669877
-1.182794045752452,0.5403775872038425
-1.4656703755450564,-0.9563513393607445
-0.7404257640202052,-1.4119563619410704
0.3122169193982288,-0.4440732577868527
2.0328992053153967,0.8129490156419998
-0.2137041409778924,-0.679400626553157
-1.2745191794024529,0.02495193934881451
-1.9411914829885017,0.6079716437576101
-0.785563404153691,0.45883068992804094
-2.5398524864949557,-0.7720748576698003
2.0175378904236805,2.31372885964691
0.8233516135435252,-0.8105551150672791
-0.703784647531959,0.23674994792727638
0.5488789503547308,1.0687344782321422
1.5524397803242977,0.1504121044983498
0.6415355543641984,0.23750390953187245
-0.478553036672102,0.21969109091032155
0.11701773630514169,0.09808865549136181
0.5954018262694046,-0.41392718750363217
0.18814912652182786,-2.032057358760351
-0.2525615580374395,-0.08662500998238719
1.4295679637694418,-0.906028012180421
-0.7142646309993367,-1.042079306716739
0.1395741108080346,-2.7861375938732986
-0.4092357727882652,0.24718809789641663
0.27460602094170294,0.781866827628261
-1.1933864406356716,-0.8408819100363962
-0.6412569498900119,1.208270483216753
-0.7646397878625503,-1.3095936437962814
-0.4934355766050557,0.17130365605750858
-1.9253145115081125,-0.1761455471603911
1.0673841115521123,2.278854113668145
-1.5534607704415493,-1.2643473012448618
-0.638809213105894,0.31845988048058654
0.1431451070870864,0.543899038880034
-0.059913922644525976,-2.096156257178857
-0.15093387817738918,0.8581295027528999
0.832918190558227,1.7306108700458906
-0.20269042187007996,-0.6737213192200321
0.16266841259567047,-0.3794249212410216
-0.2797666629832702,0.11212637256049227
1.2224083710650875,-0.7161342981298844
0.9968047902443756,-0.4120412815357557
0.4889989631992519,0.561603051636949
-1.899657975938059,0.9812637761387036
-0.5106565950654253,-1.7198377676634569
-0.7752301707266687,1.3320971422163115
-0.4849641891726663,-1.2874424073507782
0.08910203898226696,-0.04198539218268131
0.5372987104910436,1.2380747898588724
0.8349952935766711,-0.26803704127140787
0.9102685452414638,-0.20023891670947394
-0.39867083751206744,-1.3705688562000888
-0.1780359545660587,0.4546885784905794
-0.5957874330030282,0.14532484366678639
0.7576746405103035,-0.3402077241175135
-0.7921770646869037,0.7698510465391936
-1.1653764399715705,-0.5505840702534474
-0.05222109592014875,-1.989657748431572
-0.5267058728349149,0.9615103734300751
-0.5609807238478549,2.834470378863989
-0.9604332829624603,-0.3082335652912127
0.9271957931425509,1.7203395718054488
-0.08491124481506054,1.2944039937035197
-0.07138517159993406,2.778071615139396
-0.4238561558956663,0.42023134418194213
0.5707632083546945,1.9690277305312918
-0.08956922621157358,-0.05659535992920388
-0.9811501316548479,0.9127246762595135
0.8604079477097627,2.111904966688375
-1.9578710869764744,1.0097608303215777
1.2500836532641078,-0.17593311497545677
0.07749464162034611,0.1831765852695734
0.5537625311764964,-0.6943781353838631
0.7056299103696293,-0.4556090088695362
-0.3627025365260871,-0.698492197327348
1.2525171945737958,0.6045951918006908
1.0990152156865316,0.8368101752303923
-0.2636492454525233,-0.5532103691726142
-0.3838843676150107,-1.2750079627654485
0.4946544115142398,1.1783477713323383
-1.1460610810997724,-0.07621727938697684
-0.05931311923358166,0.3111448509407871
0.6828195807334618,0.2211100901529983
-0.5590366992280105,0.015364233707955062
-1.2138869394454812,0.3108563686542932
-0.16506551104866876,0.6667046694439291
0.33519849301778826,0.16197436937616266
-0.9129434164675622,1.3954705768509008
0.2527064783488962,0.23773136719438043
1.4362979307707733,-0.1332703719181053
-1.9757319577750507,-1.3409188046546052
-1.424633490309671,-2.1436091553971863
0.5709040999984724,-0.817206523243719
0.8131650913658098,-0.1638032464108886
0.7616017880732804,-0.37759914360832747
-0.027511582757882052,0.2458993411877263
-1.0341021050808246,-0.5720327761275148
-0.20046430296173354,0.5771013329487009
-0.8001154761501815,0.24604530066091884
-0.2488595427524781,0.9594118914773303
-0.058764105072162,-0.5211286963174958
-0.17106560296793025,-0.4306657182437405
-0.8013684728621939,-1.6826810972461232
-0.318282499851652,-1.4142514353523312
1.0292693155152857,-1.5494718594306114
-0.7742655691603682,2.377688086333011
-1.1973942101060122,-0.6238394041670879
0.08345279977680892,0.11565955840242476
0.8396271872253592,-1.1762727083194187
-0.2839028714247313,-1.2003304441719742
-1.5991372829321417,1.3733896143227775
-0.0009615703119781423,-1.086459256420894
-1.4817333335814662,0.9134636835949755
0.14401248048468135,0.993402719387021
1.0192795548547338,-0.5609345189480112
0.479393352957149,2.269972044232713
-0.1798040646564876,-0.2506749112652385
-0.8383848136958131,-0.2085054037386983
-0.5453664273402966,0.20882106182105717
-0.7429305803206436,0.38444414808346344
0.20193707961787297,-0.5810172118419921
-0.5925757388876859,-0.6830784967041424
-1.207070156041061,-0.1673279836729382
-0.6566419534706042,1.9151243801526625
-0.8066778614689945,1.520961374512684
0.8880806161299474,1.3343247953495245
0.17623769212216572,2.769270482713563
0.24168057536968002,0.6298047699994878
0.5029074310639008,0.5838270151496168
1.4734696204653546,1.5120094048388095
0.5874841260177285,-1.4218561685046713
-1.2983857624136723,0.3940734320406362
-2.5782023664879232,0.020474819419451232
-0.2595001496177838,-0.45594005703541124
-1.6512234096986573,-0.9789286977994459
1.080589503094933,0.006044784895077035
0.19758501601707482,-2.2265944594226372
-0.7569044197983146,-1.7185665846772384
0.008705116366997306,0.21840648027585388
-0.26796403923044937,-0.02591530190509456
-0.7845553038267453,-0.9566095091381146
1.395071347903768,0.08130144789907207
-1.4436199112425965,1.8643804676018016
0.3454671686349818,-0.29029518021964795
0.546496745477945,-0.6155296736723989
-0.3704140449260834,-0.025836406071056604
0.28202858021723876,-0.5582639452048659
0.26048441155460367,-0.7988356647269046
1.5398786695746525,0.548018533619693
-0.20207809252045744,1.4437820987672838
-0.14884004496494002,-0.31683482255128836
-0.24985602971563498,0.5916497242386981
0.5472115946028085,-0.5135692129250076
0.009944446789120518,0.7373295204151183
0.775234767918488,0.23063276057628462
-1.8014955825874817,-1.5418714350688585
-0.5488071799941853,0.5057140905911325
0.4778912888982994,0.3714499820849422
-0.7254439961857183,0.3459702022871766
0.4770457889790466,0.507495362159875
-0.15242497433333027,0.558612801953016
1.1625102671884844,1.7473898541177586
0.2193648656134208,1.0250481054138707
1.022289511652901,-1.1474006918180928
1.0782492714789276,-0.4971992758875341
0.5713286376782104,0.18397726780016266
-0.7045444068459252,1.4445293820251184
1.5350625562648657,0.41065604762365404
-0.7890473616170975,-1.5080014335619785
-1.1010944969208616,0.3365462439746578
1.3333835799511542,-0.14708101716503583
1.1723511652814707,0.7431533720415001
1.5078269257291739,-2.036367320966443
0.526128971409296,0.9605890751443901
-1.6397240788075451,0.3012955547989423
1.1971253167873181,0.2608391717816687
-0.884917642141121,-0.24943156116763865
0.3134807376828328,-0.8935972032766825
1.2738960290956636,0.37186680633643493
-1.633240655046476,1.4548345675077508
1.2392042304660793,1.579171976000691
2.80749477486495,-0.6256927673634901
-0.03416946013919549,-0.46895838988776095
0.7364363920852032,0.26764936162383496
-1.3342525493513426,1.4452239805261933
1.984770363878832,0.25689913384937685
0.3811006259261145,0.9602564999603236
0.09614227409343215,-1.1854078882611478
-0.7875981791040786,1.528206502166772
0.694796877373095,-0.13314681094100234
0.5377770272427158,0.5004473335120065
-1.8017691739611243,0.6726157224300315
-0.041276024651387404,0.37016473617262385
0.8813607226092424,-0.011771679449677238
-0.6301775624567492,1.5486084902835502
-1.0725541975516946,1.1571625565513834
1.57762706257395,-1.5250681776091655
0.8346798733596261,0.7863048232830113
-1.1326926264137827,0.14585091990869814
0.0915034542472227,0.014283004701135799
-2.3483115497377804,-1.7557732252561065
-0.4594462889075381,1.878177743650608
-1.524068341099147,2.098151613443155
0.07585512529797248,0.8768555376865396
-1.7505378064063088,-0.31035319708528925
0.24823645077489828,0.2130874814176871
0.3646706402451592,-0.8063847161263292
0.23853137365144897,-0.7107708761492664
0.15870180568968137,1.0459356174872272
0.25983175859781676,0.1163769149476949
0.4891041642428914,-1.5966442508351937
-1.1663700997310693,1.0288202504184396
0.7634827610896154,0.5432086564159034
0.03066365431935163,-0.9058556973015364
0.9389810985053026,0.7664962398723585
-0.3399438779898138,0.6651053013915591
0.9172852181895929,-0.4199551351428074
0.3665012469256095,0.14165234912315985
-0.08099482130863733,0.06577314780516953
1.6418970116371117,0.7585873920856367
0.5201648126212762,-0.24384795123280395
0.8885006061255711,0.33675109422322347
-0.4612360849048168,1.7014971637866585
-0.5035902635498489,-1.2809630455008696
-0.6061079528664041,-0.7460901570736355
-0.6059309945398901,0.8368507469440403
0.05718868877151223,-0.8925487042213014
0.2664299805999002,0.9817062860805844
-1.5806083523964152,-1.264429909434812
-0.06928201566988333,-0.2527707352604347
0.2517978538854155,-0.36170466951515234
-1.835346026858255,0.5234940003065878
-0.2105229543041163,-0.8969519834203896
-0.2505884399658784,0.24468758838193128
-1.5784701367572445,0.6496745335188935
1.7036251040399237,0.2118120334172991
-0.1146425936150729,-1.227177798619252
-1.7740914250518638,-0.031340622634257034
-1.2178225092270463,-2.5395751251268894
0.8575977255411098,-1.0260721956826715
0.7733757450869226,0.6377344047867444
-0.23448074935373003,-0.5398345633740032
0.17560213560905913,1.2570786343545939
-0.5828545263930199,0.04165150824505835
0.13822465048538707,0.7378260404557649
-0.4890994455091362,-0.1957593768043212
0.6431651113450759,1.5913971752617146
-1.5335186502251061,1.1511615242024393
-1.2677858410278147,0.47790835291834066
0.48793604862606427,-0.6300912075515582
-1.4359204313110216,0.6214493293808162
-1.0028444144913191,0.7357353810468368
-1.9620853845630715,1.2649255157440202
2.569826577759233,-0.622679287355308
0.5216937932167547,-2.424579426909731
-1.4966685999323257,1.4003412741492076
-0.32756265894094105,0.8813772532725075
-0.23486013088744515,-1.3310086321797838
-0.9025768602740479,-0.11428835431035719
0.24577314844902604,-0.15979874792157622
-1.8203838954126508,1.265782170954808
-0.16364531685365008,-0.8155864523909446
0.3317183740027949,-0.9637380258827605
-0.7587584512287723,-0.14918928969507422
-1.2249507382087879,0.6387127211190778
1.8179625005828315,0.10466085397862268
0.8078406545845799,0.4753096678816903
-0.2857851369838435,-0.3443889646275023
0.1335947171914626,0.5513981455111467
1.058317462051923,-0.9301080872245356
1.720438728474722,2.1971975371353976
-0.14639489980352957,0.061666440321382444
-0.8201790480721378,-0.044842918055431585
1.0348830725121532,-0.8700210633119244
-0.628780503188757,0.48098658049429016
-1.9240695158085241,-2.0977012339841776
2.12712005587255,0.1215569698314819
-0.6602024907460741,-0.16414458997056441
1.62916527042994,-0.9831624744813706
-1.3733562931811174,-0.24998752971246888
1.2239589539153066,0.40099806304592983
0.9202988431992384,-0.498700705050451
-0.40913920513400914,-0.40886863148276237
-1.431033950169934,1.8694866436470405
-0.29002035340786486,0.303870033954685
0.9082581087555276,1.7249944811256122
0.6876745256012503,-0.9571742196946617
-0.08040881219714431,0.034238624663203966
0.1816208468491463,0.6781597478520783
-0.7818535443122027,0.8790724781344154
-1.0270642375090524,0.8832966706587088
0.7738724947575754,1.045912535067301
-1.1899106180867636,-0.978011052179834
-0.6243796550571054,-0.3895202874152015
0.10040905724304514,1.5109352073106481
-0.5716706991202075,0.5968262459613826
-0.26108049903457536,0.1379393622339974
0.816619223466625,0.10399182660372519
1.2616243386552584,-0.5534493159656161
1.0780095544266106,1.9449145118996767
0.4577922084385015,0.16235046156521699
-0.48293061492395045,0.7608415103563115
-0.8460380547102145,-0.8946183306112708
0.2643116925854421,-0.3669476434389652
1.3600987691133846,-1.4925363982107849
-0.12019279754037102,-0.8234058649813419
0.8674733335842139,0.43387873290840184
-0.12406958000622605,0.4524331872935634
0.7827362719569003,-0.1187652588159158
2.7815572120125043,2.4412984701149343
-0.19121816529514074,0.8071809137813597
-1.1971702490619485,0.672665367226375
-0.6495546137318093,0.3773883171747371
0.9041930889059073,0.4455362196273543
0.461238085905359,-1.471352820850372
-0.31030020920012163,1.8156303067139383
-0.9054438111222278,1.7465779298407829
0.7404244842759685,2.090288600690714
-1.5600552503628216,0.5932859192840597
0.16027312092891513,0.5063933801834017
-1.1942570260827623,0.17138630837833752
0.6343438351983465,0.0898220550186975
1.693958582910316,0.22313186789357523
-0.7894336787539412,0.45775487523269276
-1.6449810534573854,-0.6735985068678472
-0.9889610923457105,-0.7111008240013298
-1.3758546488570913,0.6825067097769469
0.591645692198694,-0.9286322919680334
-0.5981845374286788,-0.2850002337839674
-1.106370651399794,2.519897743651548
-1.0375498821622715,-0.4023532085857079
1.4400656817873527,-0.4273023221350158
0.049460308930386734,-0.1667449295070381
0.5660648512187039,-0.20856727187622032
0.6838003362707274,-0.7319917453037084
2.115398497727934,-0.13935997191445873
-0.2427792537175081,1.1298788050629744
0.08095970479872315,0.4380819397547486
0.4823427939359343,0.8035081853648217
0.8365841501342295,-0.312389739727541
1.781863180286778,1.3671486355943385
-1.5992642797514172,-1.4192162034498275
1.9216844585785136,0.3442659266045558
0.10428185444114393,0.07711851301006523
-1.6342286157951897,1.1151114810200728
0.5614359235023691,0.7477658848810143
1.04225124482094,-1.5495040390665902
1.4343587931658224,-1.771691346021881
-1.5113429918002155,-1.9327432095392536
-1.8117876418092789,-0.9653099772642674
0.48975592576255483,0.4906368768575508
-0.049707571606325676,-0.41715709707938153
-0.8794748318357706,0.5264594727558641
-0.8189280170398953,0.22808308004555197
1.1061679274086402,-0.625936968691603
-0.45183284062397583,0.4624673462818205
0.7528356112464024,-0.29992069970443286
0.8928742410014633,0.021919764842022696
-0.517587519094889,0.11031615603806663
